{
  "totalInvested": 900,
  "totalProfitDistributed": 30.988888999999915,
  "activeInvestors": 2,
  "currentTurnover": 2079.2200000000003,
  "totalBetsPlaced": 50,
  "platformFeeRate": 0.01,
  "lastProfitUpdateTime": "2025-09-04T15:34:01.917Z"
}
