{
  "totalInvested": 900,
  "totalProfitDistributed": 135.72454499999998,
  "activeInvestors": 2,
  "currentTurnover": 338.08000000000004,
  "totalBetsPlaced": 14,
  "platformFeeRate": 0.01,
  "lastProfitUpdateTime": "2025-08-31T21:58:18.286Z"
}
